{"initial_reset_timestamp": 1568819785.9139626, "timestamps": [1568819793.0242238, 1568819799.7619634, 1568819802.9728987, 1568819805.807967, 1568819809.1078613, 1568819812.441503, 1568819815.7749348, 1568819819.0077603, 1568819825.124601, 1568819827.9744227], "episode_lengths": [200, 200, 192, 170, 198, 200, 200, 194, 183, 170], "episode_rewards": [200.0, 200.0, 192.0, 170.0, 198.0, 200.0, 200.0, 194.0, 183.0, 170.0], "episode_types": ["t", "t", "t", "t", "t", "t", "t", "t", "t", "t"]}