{"initial_reset_timestamp": 1570529487.1645207, "timestamps": [1570529493.8754647, 1570529498.923857, 1570529501.4571652, 1570529503.739847, 1570529506.33851, 1570529508.686431, 1570529511.4534528, 1570529514.285076], "episode_lengths": [184, 150, 151, 137, 156, 141, 166, 170], "episode_rewards": [184.0, 150.0, 151.0, 137.0, 156.0, 141.0, 166.0, 170.0], "episode_types": ["t", "t", "t", "t", "t", "t", "t", "t", "t"]}