{"initial_reset_timestamp": 1568819546.0787542, "timestamps": [1568819551.6248589], "episode_lengths": [150], "episode_rewards": [150.0], "episode_types": ["t", "t"]}