{"initial_reset_timestamp": 1570544078.2322125, "timestamps": [1570544082.7508032, 1570544086.8489275, 1570544088.8480318, 1570544090.831381, 1570544092.846463, 1570544094.8968523, 1570544096.8960714, 1570544098.9112873, 1570544102.9754286, 1570544105.0264754], "episode_lengths": [120, 121, 119, 119, 121, 123, 120, 121, 121, 122], "episode_rewards": [120.0, 121.0, 119.0, 119.0, 121.0, 123.0, 120.0, 121.0, 121.0, 122.0], "episode_types": ["t", "t", "t", "t", "t", "t", "t", "t", "t", "t"]}